cluster-id,label
4,著作権と生成AIの規制に関する懸念
2,著作権とAIの関係に関する懸念
15,著作権と生成AIの影響に関する懸念
12,文化庁の役割と生成AIに関する懸念
3,クリエイターの権利と文化の保護に関する懸念
23,生成AIに関する著作権と倫理的懸念
8,著作権とクリエイターの権利保護の重要性
20,AI技術と文化の共存に関する懸念
7,生成AIと著作権の影響に関する懸念
5,生成AIに対する規制とクリエイター保護の必要性
29,AIによる著作権問題への懸念
18,著作権とAIの未来に関する懸念
17,AIによる創作物の規制と透明性の確保
10,生成AIの規制と倫理的利用の必要性
24,著作権とクリエイターの権利保護の重要性
9,生成AIによる社会的影響と規制の必要性
28,生成AIによるクリエイターへの影響と倫理問題
16,生成AIの倫理的懸念と規制の必要性
27,生成AIの規制と法整備の必要性
6,著作権と生成AIの規制強化が必要
14,文化の衰退と創作活動の危機
0,クリエイターの権利と表現の自由の保護
19,著作権とクリエイター権利の保護に関する懸念
1,著作権とAI利用に関する懸念
26,著作権とAIの関係に関する懸念
22,文化とクリエイターの保護に関する懸念
13,クリエイターの未来と文化の保護に関する懸念
25,クリエイターの権利保護と生成AIの規制
21,生成AIと著作権の明確な区分の必要性
11,著作権とAIの関係に関する懸念
